cleaned_text,topic
coming end internationalwomenday fight equality continues equality type day day join trade union tomorrow join fight cwu,Social Concern
military blocked road around u embassy embassy cut internet p feb human right nation special rapporteur tom andrew biden whatishappeninginmyanmar febcoup,Social Concern
kindnesschampion zania stinson kindness yo grew shelter know like hunger put together zfeedsgogobags help people homeless need help thereisgood charlotte observer,Social Concern
askwdsu question weather team drop comment facebook post ill get answered onair throughout day stay safe everyone hurricaneida,Social Concern
thought affected flood stay safe everyone road flooded forget auresearch garry stevens sydney university university conversation,Social Concern
main evildoer behind conspiracy still shield power made u furious delay justice always denied justice still faith left system please emphasize pleading justiceforhirenpatel police gujarat,Social Concern
yuval noah harari lesson year covid year scientific breakthrough political failure learn future time,Social Concern
dear president cyril ramaphosa ramaphosa voteanc south african government african government demand justiceforfikilentshangase land well environment activist protect human right sign petition org,Social Concern
watch sen schumer say trump lied state union address sotu,Social Concern
congratulation biden elected president united state america usauselectionresults,Social Concern
thug manhandled yadav outside jnu full glare medium imagine student inside jnuviolence,Social Concern
heard news internet outage affecting twin city metro proactive alert team centurylinkdown,Social Concern
please sign petition bring back wrongfully terminated fight get back justiceforjasko,Social Concern
bunkerboy moscowmitch kremlinkevin whole fox news enablers maga roach american traitor time pest extermination place healthy functioning democratic american society,Social Concern
expect air travel delay today usa million american winter storm warning avgeek,Social Concern
tahir ul qadri struggle one individual group whole system nothing expected change poor country get justice,Social Concern
post election update nesara new year eve special usa time defend freedom right law constitution justice peace earth save usa,Social Concern
icymi today coast coast ferrall reacts sport shut across america mish dr mitchell roslin join plus hour getonthegrid,Social Concern
shocking saw lot dead body saw neighbor dead body shot five bullet found took body house old man age axummassacre tigraygenocide nation right watch president kamala harris biden act,Social Concern
voting end soon please take time vote namjoon reply reply much bts song separately voting rm bts biggestcrush tdyawards tdy,Social Concern
understand sir starmer leader labourparty remaining quiet greatermanchester burnham quite literally fight life protect northerner labour leader conservative leaning,Social Concern
trump hatred medium inspired anti mask crowd harass chase local new crew denying st amendment opposite principlesfirst group rally minnesota mask mandate state capitol,Social Concern
cbifindajitabh cooperating indian law enforcement cbi finding ajitabh whose life involved like demand mlat procedure case unreasonable delay please help pichai news,Social Concern
herald tallahassee bureau recorded transcribed analyzed gov rondeathsantis said news conference tv interview held since start pandemic narrative changed,Social Concern
blm nothing see next nobel prize black life matter antifa march dc chant burn epoch time,Social Concern
dwindling snowpack already impacted water supply hydropower ca western u new report explains srocc ipcc,Social Concern
wildflower signed plantlife petition council help save protect wildlife road verge please sign share show care roadverges,Social Concern
video late afternoon today winter storm xylia began moving wyoming big fluffy snowflake plentiful gorgeous cantore,Social Concern
crisis sky san francisco new yorker california californiafires californiawildfires bayarea bayareafires u usa sanfrancisco sanfranciscosmoke sa oregon oregonfires oregonfires washington washingtonfires wildfire,Social Concern
dodger look take command series ray sport mlb sport thats terrible series tied clearly someone want dodger win tonight raysup,Social Concern
past week bloody southerncameroons conflict claiming many life clear escalation violence side running battle bamenda soldier killed matazem momo army killing civilian mundemba death ndian state,Social Concern
voting reset couple hour ago remember vote mama ama mamavote bts,Social Concern
irony patel cressidadick police making horrendous authoritarian misstep day voting horrendous authoritarian bill hopefully news labour party vote prof true please continue contact mp tell vote,Social Concern
remembering ground hog day directed morning news would include live pa dance party newscast danceparty,Social Concern
apple airtags tipped launch soon may come two size apple airtags ultrawideband tracker news smarthome innovation,Social Concern
proud part important research lead sam pironon potential adaptive strategy subsaharan crop future climate change climatechange also news view piece,Social Concern
abc staff decision vote pay rise coronavirus cut swathe private sector show national broadcaster show nothing contempt ordinary australian say auspol ausmedia theirabc,Social Concern
system working properly resolve unemployment promise gone vein government playing future youth ruin life modi india jobkibaat,Social Concern
oh look muscat never going away making sure either need advise economy built corruption loose end keeping eye investment crime corruption reporting project,Social Concern
germantown hill church attended woodford county man tested positive covid friday closed notice publicradio partner,Social Concern
trump sign blank paper sharpie staged photo walter reed mary sue omg dude idiot bidenharristosaveamerica,Social Concern
black trans woman forefront stonewall riot allow u freedom today transwomenarewomen boris johnson protection black trans woman uk sign petition org uk,Social Concern
pmspeakuponssrcase life matter vote matter chose leader matter speak dear prime minister mr modi dont let politics happen ssr modi india,Social Concern
congratulation flicitations harris ascension post vicepresident united state message behalf montrealers want succeed prosper bestwishestokamala,Social Concern
door officially open come say hi show love maybe help u follow making world better place stream time twitch twitchaffiliate smallstreamercommunity smallstreamersconnect theducks bighew,Social Concern
climatechange u senator wearing symbol climate scientist hawkins created graphic representing warming world u democrat senator tom carper sheldon whitehouse chris van hollen wore badge state union address,Social Concern
storm first period medium timeout jirousek pp goal gp wearethestorm,Social Concern
donothingdemocrats heart go one thing right presidency send woman back justice served justice harry dunn,Social Concern
outraged cannoli healthy dog university muscular dystrophy lab put adoption yanked back another lab test tube shut dog lab freecannolidogtamu association former student vetmed bims system foundation athletics,Social Concern
hr enforcement bill see light day many year hr good america legal immigration broken zoe lofgren let kid keepyourpromise hrmustpass,Social Concern
strange image joe biden got stop pouring flame fire aag aag,Social Concern
latest gwadar oil gas thanks gwadar hollywood,Social Concern
really hope anneliese dodds labour party shadow chancellor ridge morning acknowledges address fact two main party completely overlooked gendered economic impact covid increase gulf inequality men woman,Social Concern
lost election behaving like toddler except tantrum destroying country let go people please sundayvibes,Social Concern
wonder like morrison ilk knowing footnote history part last generation thought could get away denialist conservatism pretending climate change exist auspol,Social Concern
economy lemur u india health country million homeless people wandering without food basic facility covid lockdown economy nature lockdowneffect poor marginalized basicneeds ranjith,Social Concern
two hurricane expected enter gulf mexico early next week here birchett latest expect well really need watch marco laura closely stay weather aware mswx alwx wcbi,Social Concern
united nation serious discussion climate change earth house republican set new bureaucracy repeal rule protecting environment keep majority long bad idea like hb get serious planpa,Social Concern
shocking saw lot dead body saw neighbour dead body shot five bullet found took body house old man age axummassacre tigraygenocide nation right watch president kamala harris,Social Concern
embarrassed spoke friend canad well hour today mentioned embarrassed trumptaxreturns said hoped american know embarrassed u rooting u vote republican office blame,Social Concern
chinese human right defender wang quanzhang say cut emotional tie family could survive prison china morning post china humanrights,Social Concern
department biden president kamala harris debbie stabenow gary peter please intervene minnesota police brutalizing citizen policereformnow brooklyncenter brooklyncentermn enoughisenough,Social Concern
happy internationalwomensday fabulous woman lucky get help showcase many amazing woman nerd community lady nerd amazing many come,Social Concern
presidentdonaldtrump close completing plan open country read full story app link bio follow u worldnews get world news pro app,Social Concern
fight covid climate change united battle reality leadonclimate,Social Concern
world know catalonia catalogne katalonien spanien spain espagne eu europa europe france presse nachrichten,Social Concern
breaking diego sheriff confirms fire fire san diego county fire agency scene acre fire along near crestwood road campo least one structure threatened fire latest san diego nbc,Social Concern
keep hearing baylor scott white clinic sending huge network bill exactly need medicare warren lead fight presidentthe bluetsunami finally flip senate unrigthesystem,Social Concern
please take time vote got mubeat mv year category lost spot fell second place got,Social Concern
yes supreme court nondiscrimination decision protect bisexual people vogue,Social Concern
zoom meeting arent endtoend encrypted despite misleading marketing growler zoom,Social Concern
ufc garbrandt got cleanest knockout buzzer beater,Social Concern
scariest thing donald trump ever said antitrump please vote makeamericaunitedagain vetsforscience ftrumps,Social Concern
hat denver nugget nugget playing great nba basketball series earned respect put league notice force reckoned respect,Social Concern
around people executed axum home ancient orthodoxchristian started kill people moving church home home home simply street tigraygenocide eritreaoutoftigray nation state right watch,Social Concern
politics penguin fight save antarctica jazeera english climatechange conservation past attempt create marine protected area mpas pristine antarctic failed new hope might horizon,Social Concern
signed international sel day march sign today showcase promote advocate support sel community selday,Social Concern
election fraud early voter illinois say gabbard name listed boxed dropped yang enjeti jones news talk yanggang,Social Concern
toryscum stand rayner burnham fight corrupt child starving scum government,Social Concern
ground tigrayan village soaked blood dozen body lie strewn grass groan heard seriously wounded man squirming floor two corps tigraygenocide international right watch human right,Social Concern
check awesome social distancing around world six foot apart graphic design socialdistancing graphictee graphicdesign tshirt,Social Concern
rich guy telling u afford help poor tell give back taxscam hypocrite,Social Concern
gap decreasing engenes please vote widen gap dont use vote cash need collect much possible drop last day voting enhypen engene,Social Concern
jesse lee peterson show gioyc friday mr president know juneteenth mean part lee peterson amazing,Social Concern
gonna support breast cancer awareness year bca,Social Concern
im sad warren dropped race president thank youve done conversation youve elevated field fighter appreciate passion drive mypresident,Social Concern
shocking saw lot dead body saw neighbour dead body shot five bullet found took body house old manage axummassacre tigraygenocide nation right watch president kamala harris biden act,Social Concern
may death resurrection jesus christ bring forgiveness healing land listening magixx health organization biden covid,Social Concern
please sign petition help stop precious tree felled treesforlife,Social Concern
reform security sector critical component reducing conflict ethiopia managed u seems oppose reality stick lobbyist paid lie reality ground standethiopianunity usastopinterfering borrell fontelles,Social Concern
trumpbiden difference four year trump four year biden everything approach speech almost perfectly demonstrated bruni,Social Concern
signed plantlife petition council help save protect wildlife road verge please sign share show care roadverges,Social Concern
going put guardrail protect driver dont doubt story see hilarious earnhardt jr lostspeedways,Social Concern
cent sorry gas fee high rarible ethereum erc collectible nft,Social Concern
giulioregeni veritapergiulioregeni regeni family say distressed arrest egypt dr ahmed abdallah president board director egyptian commission right freedom,Social Concern
lance bottom great job reigning thing tonight great job brian p kemp providing support glad atlanta isnt news tonight,Social Concern
city xtra isnt u im proud journalist reveals moment nearly ended pep guardiola man city career mcfc xtra,Social Concern
manchester red united munmci internationalwomensday cheeve,Social Concern
police trying scare people section imposed aarey didnt let protestors chant slogan today mumbaikars stubborn usual save aarey didnt stop saveaareyforest,Social Concern
live debate c cuomo lemon fake news partisan stand foxnews channel absolute eye opener india journalist partisan stand r honored kumar ayyub upadhyay sharma naqvi khanum sherwani,Social Concern
dont want die covid shouldnt dying comfortable secure hospital bed dying jail fix bring home vote lock throw away key much better trumphascovid,Social Concern
come chill sure subscribe smash like turn bell miss anything follow twitter see going live teamtag,Social Concern
bill gatesfunded company released genetically modified mosquito united state first time also want dim sun scaring billgates,Social Concern
cnns lemon compare trump supporter addict hit rock bottom western journal,Social Concern
stay safe everyone wag patangay hehe followed tdy vote lisa biggestcrush tdyawards,Social Concern
attention four legged rebel please sign petition open dog park cork city sorely needed amenity city one could great benefit hound everywhere please sign share corkcity cork dog pet org,Social Concern
latest darkweb deepweb netherwolds internet daily newz thanks bnb fiat,Social Concern
democrat stimulus check garnished unpaid debt dummycrats,Social Concern
tsa want hire new airport security officer summer job tsahiring travel,Social Concern
sad play rule law please vote democracy election fair republican,Social Concern
despite diabs assurance boat still sinking government lebanon handled coronavirus crisis well civil society representative strongly criticize day performance aciltabbara,Social Concern
marr miliband explaining clearly nothing wrong maintaining standard achieve deal surrendering hopefully ofnostandards thing get deal chicken u chlorinated anyone standard,Social Concern
shocking saw lot dead bodiesi saw neighbour dead body shot five bulletswe found took body house old man age axummassacre tigraygenocide nation right watch president kamala harris biden act,Social Concern
anybody else watching laura kuenssberg show morning guest comrade andrew marr defundthebbc,Social Concern
even law like sedition treason charge committed pelosi schumer subpoenaed tried sedition knowingly used system attempt oust president false charge oge,Social Concern
hilarious part show kejriwal giving freebie amount collected totally stopped corruption delhi really absurd smartly make fool people aapkiadalat rgds newsshakes,Social Concern
dose good old whiteprivilege anyone ted cruz wife heidi soak sun cancun without senator mail online,Social Concern
rebecca pow asked good question financial sustainability peat restoration event tourism definitely one angle elm trust alliance research also showed power private market cpc,Social Concern
phixos day go st yr since bought ticket explorationinmanila yea intense battle lmao teameastwood miss,Social Concern
people died due lightning kumar announced give four lakh family dead,Social Concern
bjpkilledpsus stopprivatisation hope medium channelsraise voice collapse need help fight government fight right hope together sharma news time news,Social Concern
climate change access care period common woman monday im joining goalshouse share putting woman first changing healthforall global goal,Social Concern
savelakhadarshparivar gehlot remove liquidator adarsh credit cooperative society central government taking measure justice poor innocent depositor also represented many time many way kindly justice depositor,Social Concern
state shown willingness lead clean renewable energy stop writes editorial calling lawmaker make ceja part veto session agenda,Social Concern
politics japan hit brexit nail head talk much sense bbc correspondent stop anyone putting intelligence deal impact debate,Social Concern
hq library branch got landscape makeover front good job getting rid cactus island fresh restrained open look better naples swflorida,Social Concern
news lightning clock lifted international speedway time start trackdrying effort nascar daytona,Social Concern
next weekend virtual black pride brought tristate black pride tristateblackpride blackpride midsouthpride memphispride teammemphisprides virtualpride memphis tennessee,Social Concern
year later congrats soon year old mickelson championship koreangolfnews pgachampionship golf instagolf golfing medium korea pga pga championship,Social Concern
dear governor andrew cuomo nyers camped heat waiting answer call conversation plan cut tree pave grass reduce grass space kid use play pausethesaws schumer nadler,Social Concern
unlocking power scotland rural area g g cc,Social Concern
voted thebrainevilgenius tylt practicing take world,Social Concern
stand fight unscreenourschools choose prioritize studentvoiceoverparentfear side bill de blasio,Social Concern
lowest level magazine seen fact go create trouble india cheap journalism earlier old lady indian know chandrashekharravan cover page show work purely money soldoutmedia,Social Concern
end clampdown kashmir medium communication blockade place day hampered work kashmiri journalist standwithkashmir kashmirissue un standforkashmir kashmirbleedsunsleeps,Social Concern
jp sottile empire climate change jon gold bill barr justice spreaker,Social Concern
tigraygenocide real ongoing people tigray cut world month left starve die dark ahmed ali allow humanitarian access open bank stop killing civilian unsc un refugee agency nation,Social Concern
greta thunberg inspiring others take stand climate change gretathurnberg,Social Concern
closing border every problem trump way testing rushed american back europe way spread covid ernst think kim reynolds trump gop handled covid well dead since march people angry scared,Social Concern
look like miller news crew busy congratulation entire news team,Social Concern
queen instablog queen content voiceoftachasymply tacha voice voiceless activist tacha activist tacha activist tacha activist tacha voiceoftacha,Social Concern
ted cruz epic fail state destroyed impeach loser texaswinterstorm texasfreeze texassnow texasisclosed tedcruzisatraitor cruz failure republican,Social Concern
dc mayor bowser accuses trump hiding behind fence peaceful protester peaceful radicalidiot,Social Concern
coast guard conduct overflight area affected hurricane delta coast guard coast guard hurricandelta,Social Concern
middle eastern nation scrambling decipher meaning presidentelect joe bidens victory president donald trump presidentelect joebiden,Social Concern
special place hell reid henry nowplaying check amazing new release henry go give support deserves,Social Concern
united state trend follow insight top alex smith mark meadow uspsprotests lgbtqiaoftwitter sundaythoughts votered thechi skyward sword waffle house bay area view google search trend insight,Social Concern
new conventional wisdom president betrays country oneterm twicehumiliated pariahinthemaking also without presidential immunity facing prospect financial ruin unitedstates trump,Social Concern
please linus kikai much uninformed impeachment president trump stick kirinyaga stop embarrassing thing limited knowledge newsgang tv kenya,Social Concern
pm modi today one story reverberates throughout country story cleanliness every person family village want tell experience cleanliness effort movement cleanliness driven cr indian mannkibaat,Social Concern
australia world ocean tipping point indicates un intergovernmental panel climate change report news,Social Concern
super straight kill superstraightphobicandproud superstraights,Social Concern
price choice fight abortion poland guardian reprorights,Social Concern
already voted defend black life defundspd reinvest community count hold line override mayor veto tuesday sawant,Social Concern
like thank chriswallace outstanding example set social distancing morning sidebyside people passing paper show u done smh,Social Concern
exol ready send congratulation message yixing honeylayday pm china time kst zhang zhang lay,Social Concern
survey adventure traveler expected resume near precovid level travel spending grouptour adventuretravel,Social Concern
changeiscomming filthy fossil fuel industry alberta never recover change long overdue fight end never stop pm trudeau stop follows paris accord thunberg,Social Concern
crookedlyingracist comrade president could start war iran political survival,Social Concern
spreading generosity festive season giving back orphaned vulnerable child south africa great initiative partnership southafrica glassandahalf generositrees,Social Concern
switched tv news pm apparently news extended sport report nothing happened today amazing news nonews,Social Concern
woman get chased trump supporter bear maced blm flag car wshh worldstar,Social Concern
carbonomics amount capital continue deployed carbonomics sector mind boggling hundred billion reach trillion carboncredits carbon esg energy oil katusa,Social Concern
ben yedder sends shot ground bounce crossbar asmsdr,Social Concern
stay safe everyone god bless u official sb,Social Concern
wish people would stop watching fox news helped create false narrative climate change jeopardizes life extinction climatecrisis climatestrike daily beast,Social Concern
food thought china censor internet doesnt russia troianovski new york time,Social Concern
black life matter mean black life blacklivesmatter boris johnson protection black trans woman uk org uk,Social Concern
dear railminister mrpiyush goyal ministry railway sir apprentice double skilled serious time give opportunity u serve rail nation rail family goyal mohan singh,Social Concern
sundaythoughts benturok died december th committed fighting ideal left south africa ben founded review contribution idea last year,Social Concern
afghanistan never war one afghanistan stage setting never war country face behind screen photo u believed said nation duffield mp labour party skypapers,Social Concern
joebiden complaining trump supporter blowing horn saying better treating like thinking kavanaugh hearing russiahoax democrat dish handle hypocrite news,Social Concern
winter storm set bring significant snow region first round arriving tonight prough need know inwx ohwx,Social Concern
ufc co main event omalleyvvera suga show malley good intelligent focused vera good hype suga deserved suga win inside distance,Social Concern
guess follows president trump know finland best education system world wired country world economic forum,Social Concern
u gave health organization million dollar last year jesus christ american still poor covid,Social Concern
trump supporter rioting outside election office across america countthevote everyvotecounts americahasspoken democracy,Social Concern
happy new year eve googledoodle doodle,Social Concern
kristi noem gnome nation proving never get anywhere near white house kristinoem,Social Concern
please help parent get home stranded oceanatlantic morrison payne told chimu adventure charter flight confirmed asking money saying happening,Social Concern
current issue tlpprotest mere case incompetence need khan minister office pakistan buzdar rashid ahmed govt arrest saadhussainrizvi saadrizvi first place simply act provocation,Social Concern
jerry nadler climate change greater threat world war aag,Social Concern
ramlilamaidan caanrcsupport support modi becoz love country,Social Concern
trump supporter rioting outside election office across america fking trump tv telling happening causing trump lost popular vote stand lose vile evil,Social Concern
thought first night dnc aplovgov,Social Concern
eu commend making decision longterm benefit horn based reality ground tigray eritrea ethiopia haavisto borrell fontelles urpilainen external action service eeas council tigraygenocide euengageeritrea eritreantroopsoutoftigray,Social Concern
take away thus far prelim really found comfort zone calling fight rare form evening ready main card ufcfightisland ufc,Social Concern
latest dawn bell journal thanks biotech hr,Social Concern
next world special coverage syrianregime attack idlib continues radhakrishnan solmaz shahbandar plus latest covid continues spread live hongkong watch gmt,Social Concern
check cancel white privilege available next day racism whiteprivilege,Social Concern
people made top faze waiting long anxiously refreshing clan twitter grinding year please help reach dream thanks good luck everyone hopefully wake news made,Social Concern
department coordination bureau investigation local law enforcement launch investigation incident violence downtown nashville last night,Social Concern
excited hear speak network advancement black community nabc advancing fight antiblack racism conference today antiblackracism drg,Social Concern
insider crowe people jobseeker way better going minimum wage disincentive getting job even current rate absolutely true end month living poverty line auspol keeptherate,Social Concern
blackamericaamerica glover ask sander concerned individual communist brazil prisonwhen concerned school shootinggun controland police killing unarmed black americansunless youre communist,Social Concern
surgeon akola operates free army personal family citing akshaykumar source inspiration inspiration million king kumar,Social Concern
indeed electionfraud trump supporter daily beast armed virginia men wanted deliver fake ballot philly prosecutor news,Social Concern
latest united state daily million belgium,Social Concern
stay informed follow account critical information update throughout day tropical storm cristobal make landfall louisiana new orleans gohsep shreveport hurricane center state police lagov lawx,Social Concern
remember often said america country anyone grow president left except hypocrisy intolerance today lib astounding votedemsout,Social Concern
puerto rico hit another earthquake cnn puertoricoearthquakes heartbroken family friend diaspora island,Social Concern
live update flash flood warning issued tropical storm cristobal take aim la shore herald readlocal,Social Concern
voting fyi candidate dropped voted absentee check county office michigan resident vote twice onevoice ovelections wtpteam news,Social Concern
folk asking ted cruz went vacation answer ordinary texan step help neighbor anyone position rourke jackson lee cancuncruz,Social Concern
koemans arrival altered priority lautaro martinez still number list club planning making new attempt early september time lautaro martinez operation return front line fcb,Social Concern
ah donald give mexican free know swagg mr president donaldtrump conservative representative dontspeaksboutthe border greyhound brother,Social Concern
french island cfa belief saturday blaze started lightning strike wednesday probably smouldered two three day wind swung around east climateemergency age,Social Concern
charge cop shot jacob blake sign petition blacklivesmatter justiceforjacobblake org,Social Concern
waterman plz help understand problem namere water come week wednesday nightthursday morning tank suffer time kiki ddala,Social Concern
justiceforjacobblake tony evers charge cop shot jacob blake firma la petizione org italia,Social Concern
savevibhor savevibhor savevibhor v r tending thiscoz v want freedom truth spoken heard heard large fight truth n justice justicessr n othr victim india india modi,Social Concern
second paper applying theory justice environmental harm begin titled violence transition invisible environmental harm research dr rachel killean dr lauren dempster presented greencrime,Social Concern
bbc news judge block tellall traitorinchief niece yo biden got nothing hide everything fake news world silent majority sic know scared p tax please,Social Concern
pompeo good discussion development middle east turkish foreign minister cavusoglu today,Social Concern
new hampshire governor sununu keep state mask mandate placate massachusetts citizen chris serve freedom loving people new hampshire communist state massachusetts lift mask mandate firefauci,Social Concern
supporter stopped day ago needed nkandla sandf police contain situation nkandla satodaysabc news,Social Concern
happy pride parade npp nepalprideparade queer youth group nepal,Social Concern
ucf head coach gu malzahn said ncaa transfer portal changed landscape recruiting college football would know day since arriving ucf malzahn landed commitment six transfer,Social Concern
hope van de beek move find club actually give platform perform quality player ole doesnt even know squad amount chance fred get screw thing actually alarming manutd olein united,Social Concern
please stay home defeat covid family bangalore developed coldfever scared arranged get doctor visit home police official know anyone needing help please let u know soscorona,Social Concern
marching intimidating threatening wblmdo even know blm stand blm nothing w black life blm marxismcommunism truly want biden american life community job lawandorder prosperity,Social Concern
remember time clipper determined never make conference final clipper nbaplayoffs fail,Social Concern
another example corrupt length johnson crony go stop investigation arcuri remember also police stopped looking brexit corruption,Social Concern
save mother nature save world interfere matter nature also requesting close wuhan seafood market permanently health organization nation rd time virus killing wuhanmarket suffering humanity virus,Social Concern
e go beta leader ooo army dey pity support fight boko haram turn innocent citizen target ahaaaaa make sense sanwo olu hide face endsars genocide endbadgoveranceinnigeria,Social Concern
haileselassie league nation warning world upcoming wwii potus racist blinken need think twice undue intervention ethiopia internal affair run mill banana republic e clyburn president kamala harris,Social Concern
stay safe everyone followed tdy vote lisa biggestcrush tdyawards,Social Concern
latest boston news fly thanks commencement food,Social Concern
food tonight shopped robinhood location people without mask spoke asking wear mask isnt lowes enforcing mask policy return unless mask mandatory maskthemug maskup,Social Concern
received warning letter essential oil usa pruvitventures tranont modere arbonne idlife itworksmarketing field hq zurvita read ftc press release,Social Concern
dear joe manchin sinema stop republican interested helping american interested lining pocket claim democrat start acting like continue obstruct part problem votethemout,Social Concern
candidate running president united state want know name yang look sundaymorning sundaythoughts andrewyang,Social Concern
easter egg symbol defiance myanmar protester malayabusinessinsight malayaonline,Social Concern
remember following abc postgame coverage party continues league soccer mlscup postgame w opara carr doyle whole buncha folk site might tough watch fc supporter everyone else ought good time,Social Concern
president hosted leader region second time hosting regional meeting sagana lodge one failure president national koinange mb jkl tv kenya,Social Concern
important editorial stuart stevens wake republican party stand wrong thing washington post looking forward reading book itwasallalie may,Social Concern
public service easy target medium lfb didnt build tower block didnt start fire followed recommended best practice intimately involved loss life besmirched making mistake desperate rapidly changing emergency ott response news uk,Social Concern
wish country would act quickly mass shooting climate change issue priority news,Social Concern
neda amaniiranian youth assocswitzerland iran risen mullahswe continue voice peopleresistance unitswe raising voice navidafkariwe everything savenavidafkari life mfa,Social Concern
hi ibrahim lawan gbajabiamila committed probe crime endsars endpolicebrutalityinnigeria counting fulfil pledge protect human right dignity nigerian stand equitable inclusive society globalcitizen,Social Concern
watch kawhi pt game warm clipper look advance firstever western conference final nbaplayoffs lacden pm et espn music,Social Concern
friendshipday avatar earth sant rampal ji maharaj ji true saint well greatest social reformerhe made successful attempt eradicate malpractice like corruption dowry system societypvsindhu rampal ji maharaj,Social Concern
climate change day peep cue shapiro good trumpbad trump definitely good trump pastor praise trump skipping un panel imaginary climate crisis real problem religious persecution foxnews,Social Concern
united state losing battle covid wrong side death record set daily u industrialized nation national mask requirement needed listen science fauciisahero president kamala harris azar,Social Concern
inspirational address pm modi climate change u president make unscheduled entry summit proud moment indian howdymodi,Social Concern
watching olympics breakfast catch happened overnight like people would watching golf playoff player contention low behold sport thing good idea inform everyone bottom screen golf getagrip,Social Concern
im going continue fight right side weve done beginning win starting new party president trump speaking role future republican party cpac trump,Social Concern
ok draw next darkorder twitter allows option poll please comment youd like choose boom boom cabana,Social Concern
biden biden love wish speedy recovery get well soon trumpnowmorethanever,Social Concern
greatest hindrance face follower jesus either unwilling lack commitment line word action faith profess changeyourmindset,Social Concern
red nation owe pick flag run leader quarantined keep trump parade street rally continue fight u need voteredtosaveamerica trump,Social Concern
delhifightscorona delhi lady living rajiv nagar helpless search groceriesshe one family heart patient aswell cant eat served govt camp request please take seriously number please help,Social Concern
voted warren early since dropped come nov vote either biden bernie votebluenomatterwho getting bottom line,Social Concern
honorable yogiji every year conduct tet exam super tet much mentally disturb stop harashment u ego right yogiji yogijisoonassoonupprt modi office goup adityanath satish dwivedi dev singh,Social Concern
cuban family need solution family reunification program time open united state embassy cuba usembassyhavforthepeople elvira salazar nj debbie mucarsel powell diaz balart sire,Social Concern
read story horrific informed happening work end violence black trans woman blacklivesmatter blacktranslivesmatters black trans woman dominique remmie fell found dead gay news,Social Concern
heat island recurring phenomenon climate change fight discover solution proposed autoroutes winner infrastructure award greensolutions award climatechange climateaction unga,Social Concern
climate change midst hottest five year ever recorded nextafrica nmgat kusiideasfestival medium group,Social Concern
gstamnesty problem govt small taxpayer indian please give relief late fee hon fin min please extend due date gst amnesty scheme upto st dec capping late fee modi,Social Concern
celebrating thr birth anniversary one greatest pratihar rajput king mihir bhoj played important role protecting bharat fr arab invader north rajputsamratmihirbhojpratihar rajputsamratmihirbhojpratihar rajputsamratmihirbhojpratihar,Social Concern
indvssa heavy downpour dharamsala ahead first tribune,Social Concern
another con artist using tax free church money laundering evil brainwashing taxchurches stella immanuel run fire power ministry houston texas since mail online,Social Concern
trump went ufc new york city promptly booed building introduced crowd trumpbooedagain,Social Concern
troup county becomes home first solar road united state wrblwx gawx solar solarpower renewableenergy solarenergy cleanenergy jeswald wrbl phillips,Social Concern
happy pride month celebrate partnership unitedinpridewhich includes showcase projectinvolve short learn watch ontheblog,Social Concern
follow raise voice student bajeminute upsssc abhinaysharma,Social Concern
boomer lived cold war know better stunning delusional socialist blew away democrat competition nevada pjmedia,Social Concern
trump announces addition bahrain middle east peace deal winning,Social Concern
policy star tulare heading white house congrats wellearned appointment office mgmt budget need housing ca central valley proud indeed,Social Concern
plz subscribe get update mailing list get notification everything pertaining war legislation dc antiwar get detail bill scriptinfo call state rep ndaa came,Social Concern
frog declining throughout world even pakistan pollution loss habitat climate change poaching medical lab contributing decline frog protected law law protects,Social Concern
child born killed parent cannot send child school know whether return alive dead standwithkashmir returnkashmirichildren arabiya english freekashmir,Social Concern
impotus impeached president donald trump go history book fitting legacy corrupt president history united state,Social Concern
pompeo behalf government united state american people congratulate citizen european union celebrate europeday,Social Concern
hi presidency thank committing ratify labour organization convention violence harassment world work help woman get legal protection work deserve citizen hope see world leader levelthelaw,Social Concern
east oahu hpd manning traffic light kalanianaole hwy keahole hawaii kai dr kawaiahae kuliouou treat light come way stop electric working power outage wo hitraffic,Social Concern
happy sunday im matt morning abc recap last night severe weather quieter today nice tomorrow wakeupwith,Social Concern
truly hope harris find time visit ancestral village vice president elect vpotus would truly beautiful moment remember forefather came bring u moment,Social Concern
sars wrongfully picking harassing people around unmarked vehicle without uniform police force always remain silent despite people daily complaint thug collect bribe confidence messed country,Social Concern
graphic modeling effect social distancing worth readlook washington post covid,Social Concern
climate sander dear senator sander hope win voting ever need help fighting climate change global warming greatest threat hummanity face please help srevier green peace usa,Social Concern
insightful article thetimes syed crazy start try impose western style democracy afghanistan tribal ethnic affiliation paramount kabul country small part knowledge outside world,Social Concern
governing country decade conservative solely responsible planning pandemic plan cut obligation year year hearing covid uk,Social Concern
scrmu twitter day airfscrmu demand declare railway employee frontline carona worker raise voice morning twitter treatrailwayemployeesfrontlineworkers india railway health goyal,Social Concern
sick medium saying georgefloyd police brutality georgefloyd world stop creating narrative like isolated event sick news news blacklivesmatter,Social Concern
daytona tech sgt sang greatnationalanthem looked president melania said yes yes yes thank embodying word many fought died,Social Concern
beauty dtla shot cristi right breathtaking please stop today insanity take care city,Social Concern
silicon controlled rectifier scr schematic diagram symbolic representation join family share friend join learneee family visit,Social Concern
think agree astros lose america win congrats bay ray heading worldseries time bring angeles dodger,Social Concern
sad warned anc carl niehaus weighs fiery protest read head line aparthied implemented reason wrong roiting goverment choose right africa,Social Concern
charge cop shot jacob blake sign petition org justiceforjacobblake,Social Concern
school prison pipeline misnomer far many student especially color school prison million kid attend school law enforcement counselor leadbetter,Social Concern
timpf said medium focus law politics recent supreme court decision new york time caused major confusion changing headline mediabuzz,Social Concern
presidentelect joe biden german shepherd major first rescue dog white house election maaa rescuedogs white house joebiden,Social Concern
action word required world leader solve kashmir issue standwithkashmir returnkashmirichildren bank investor michaud freekashmir endsiege sanctionsforindia,Social Concern
scrap h want rinky dink train line safe use around clock would victorian common sense prime minister johnson transportation transport,Social Concern
latest fireclimatemedia daily thanks climate climate gov undercoalition kincadefire,Social Concern
whether come ethnic group stand united fight tyranny may meet land democracy zanni sassoli bass state democracy human right labor livesmonths,Social Concern
america republican r playing game purge block voter dont let em win everyone get register check ye statue people good conscience r republican win america loss maddow msnbc funfactfriday flashbackfriday texasbowl fridayvibes,Social Concern
ethiopian government known hide atrocity protect country image wollo famine took million life knowledge government waiting tigray tigraygenocide bidenactnow antony blinken biden chris coon nation,Social Concern
breaking tasmania host final next weekend elimination final swan v giant uta stadium saturday august pm elimination final bulldog v fc uta stadium sunday august pm history,Social Concern
cohen stole year entire planet population decade covering donlad j trash ag james clean mess helped make ppl even afford sneak thepost expensive steak wine,Social Concern
lachie whitfield replaced giant medical substitute jeremy finlayson copping knock head aflgiantssuns,Social Concern
donald trump reelection campaign pose greatest threat american democracy since world war ii mr trump ruinous tenure already gravely damaged united state home around world abused power office new york time votehimout,Social Concern
part delhincr receive heavy rain today right next day diwali power hindu lord lord ram made rain delhi today provide relief choking delhiairpollution jaishreeram delhiairquality delhirains,Social Concern
greatest action human take reduce emissionswaste fewer child yet environmental organization government activist even mention overpopulation nature conservancy thunberg guardian news world nation,Social Concern
gear julyth weekend check patriotic pickleball paddle sporting attire,Social Concern
latest croydon gazette thanks truelove croydon send,Social Concern
warning resister follower following magat sure many others also followed person please retweet found checking following back follower checker twitter app please retweet thanks,Social Concern
ventura county sheriff take public volunteer find naya rivera firma la petizione findnayarivera nayarivera org italia,Social Concern
understand biden going debate trump he going spend whole time saying lie liethat lie give orange scourge screen time one changing mind pointi ready votehimout without debate,Social Concern
hi airport aware info give terminal arrival covid county incorrect government withdrawn guideline think reckless still incorrect information,Social Concern
remembrancesunday hero british legion armedforces lestweforget northamptonshire remembers,Social Concern
devil construction detail hse leadership safety,Social Concern
