text,tags
Seawolf Sessions in full swing on a beautiful Labor Day weekend {{USERNAME}} #sociallydistant @ Tabor Academy {{URL}},sociallydistant
".Happy #InternationalWomensDay! Privileged to often be the only man in the room in my job {{USERNAME}} , where I barely keep up with strong women leaders advancing health and education systems. I’d @ you all, but a man set my character limit.",InternationalWomensDay
#HRDPostponeJEE_NEET sir if you want to conduct the exams then provide single transport vehicle for each and every student and allow only 20 students at a single exam centre otherwise don t play with our life by giving myths of social distancing {@PMO India@} {@Dr Ramesh Pokhriyal Nishank@},HRDPostponeJEE_NEET
" It’s the teacher that makes the difference, not the classroom.  This should be understood by the govt. Let give us our pride. #VaccinateUsWithMPTETjoining {@Office of Shivraj@} {@Shivraj Singh Chouhan@} {@Indersinghsjp@} {@Zee MP Chhattisgarh@} {@School Education Department MP@} {@Dainik Bhaskar@} ",VaccinateUsWithMPTETjoining
"#18thAugMahaAndolanMPTETjoining Now the government has also issued a conditional order to open the school from July 26, after all, why the time till August 30 for 30 thousand selected teachers of MP?  State Education Minister {@Indersinghsjp@} What a respect for these gurus...!",18thAugMahaAndolanMPTETjoining
"The only God who can forgive our sins, as our Holy Vedas prove, is Supreme God Kabir. He alone Has the power to remove sins and change the destiny  4 more info, plz download this book  {{URL}}  {@Saint Rampal Ji Maharaj@} {{USERNAME}} #SupremeGod_In_Christianity",SupremeGod_In_Christianity
{{URL}}  Try to hit the ground running your freshman year to get your GPA up. It is much harder to dig out of the hole once you move into the more difficult courses later in your major.  {{USERNAME}} {@NSBE@} {{USERNAME}} {{USERNAME}} #NoireSTEMinist,NoireSTEMinist
Fact Avalanche is a terrific Twitter tool to fight back against climate change deniers #FactBack {{URL}} via {{USERNAME}} {{URL}},FactBack
Love reading recommendations from #4DEmbrace students- just devoured Wolf Girl by Anh Do {@Allen Unwin@} and read the first chapter to the class which perfectly links to our PYP Unit on #migration. Need the second one ASAP {{USERNAME}} #sisrocks #issedu {{USERNAME}},4DEmbrace migration sisrocks issedu
The Media Narrative of Racist America: Fact or Fiction Part 3 Law Enforc... {{URL}} via {@YouTube@} #GeorgeFloydMurder #media #America,GeorgeFloydMurder media America
"Why can t govt cancel the exam?  The problem they are staying or excuses , wont the same be with other states too ? But they still managed to cancel .. When will we receise for entrance .. #CancelAssamBoardExams {@Himanta Biswa Sarma@} #CancelExamsSaveLives  @ranojpegu {@Narendra Modi@} @",CancelAssamBoardExams CancelExamsSaveLives
#शिक्षाविभाग_alotdistrict_rankwise Only one category getting reservation. This rule is for counciling when district allocated. But education department give reservation all female candidate. Please media help Who work hard. {@LP Pant@} {@Arvind Sharma@} {@Ashok Gehlot@} {@Dainik Bhaskar@},श
The training institute and laboratories to be built in the second phase of the leather park - Simon Atebe Ag. Dir. Directorate of Agro-Industry {@IndustryKE@} {{URL}} #Kenya #Uganda #Tanzania #Rwanda #SSudan #Burundi #Ethiopia #Egypt,Kenya Uganda Tanzania Rwanda SSudan Burundi Ethiopia Egypt
Join us online for Open Day 2021 at 12 noon! Find out about studying #Criminology at {@University of Melbourne@} …,Criminology
"#MUSTREAD “a delight to read… Love, family, romance, and magic!” Old and New by {{USERNAME}} {{URL}} {{URL}} ",MUSTREAD
CONFIDENCE is such a powerful word for parenting according to {{USERNAME}} . Learn more parenting help  nuggets  on The Power of Purposeful Parenting online series. Find it here: {{URL}} #Parenting #EdResource #ECE,Parenting EdResource ECE
#शिक्षाविभाग_alotdistrict_rankwise Please help Sir {@Arvind Sharma@} ! All seats given to female candidates. We work hard to get marks and rank. #शिक्षाविभाग_alotdistrict_rankwise  @Upenyadav75 {@Ashok Gehlot@} {@ZEE Rajasthan@} {@Govind Singh Dotasra@} {@CMO Rajasthan@},श श
Congrats to {{USERNAME}} on graduating today from THE Ohio State University.  #NextStepIsLawSchool Black Girl Magic ‍❤️‍♀️,NextStepIsLawSchool
"#2020ELC will be welcoming {{USERNAME}} , Chief People Officer {{USERNAME}} to share her insights on the systemic commitment to getting to equity in schools. Don t miss out April 2-3! {{URL}} #equity #education #community",2020ELC equity education community
#righttolearn  Listen to our side of the story too. We are the parents who want our children to keep learning about the world through their online classes. #BanBedaChoiceBeku #OnlineClasses {@B S Yediyurappa@} {@S Suresh Kumar@} {{USERNAME}} #NimmaSureshFail,righttolearn BanBedaChoiceBeku OnlineClasses NimmaSureshFail
Add  #Afghanwomen without male relatives to evacuation lists. They re more vulnerable to dangers by Taliban and city gangs. Less mobility. Less work. They might seem like heroes but they are too.  MAKE YOUR GOVERNMENTS SEE THEM {{USERNAME}} {{USERNAME}} {@Malali Bashir@} {@Saba Eitizaz@},Afghanwomen
“I have yet to master reading minds” {{USERNAME}} so I too send out surveys. How do they like to be praised and rewarded is my latest one. Love the responses. Any one else sending out surveys and what? #BeEpicIn2020 #keeplaportestrong #survey #TeacherStrong,BeEpicIn2020 keeplaportestrong survey TeacherStrong
"“The Kingdom is about the rule, priorities and reign of the King.” {{USERNAME}} #KingdomCome21",KingdomCome21
"Modi Sir, its your wish whether you want to postpone or not but at least once listen to our queries and come with us to see the ground reality of the situation {@Narendra Modi@} {@PMO India@} #SATYAGRAH_AgainstExamsInCovid",SATYAGRAH_AgainstExamsInCovid
Join us this morning at 9:30am for our online worship experience {{USERNAME}} ! I promise the Lord has given me a word just for you!!! #UFC #Family  {{URL}},UFC Family
"Honing your voice, refining the details, and making your writing shine. Check out {{USERNAME}} {{URL}} #SPShow.",SPShow
Delegation of {{USERNAME}} reports back from mtg with {@Chevron@} . 1)Chevron has targeted low income POC indigenous communities 2) climate change is real and we don’t have time for a slow transition 3) the steps they take aren’t enuf bc they part of fossil fuel industry #ClimateStrikeSF,ClimateStrikeSF
"Undoubtedly, a great a reform is required in the exam system. I hope the voice reaches the right ears.  #speakupforSSCRaliwaystudents #SSCdeclareCGLresults {@PMO India@} {@Piyush Goyal@} ",speakupforSSCRaliwaystudents SSCdeclareCGLresults
“Kids who got accepted into #PreK had a HS graduation rate of 70%—some 6 pts higher than those who didn’t. 54% ended up going on to college after they graduated — 8 points higher than those who didn t attend #preschool.” {{USERNAME}} {{USERNAME}} {{USERNAME}} {{URL}},PreK preschool
Start the school year with kindness! {{URL}} #BeInternetAwesome #sponsored by {@Google for Education@},BeInternetAwesome sponsored
"At this time when the internet is not able to run properly, {{USERNAME}} {@Shivraj Singh Chouhan@} wants to take exam! When RGPV is not even able to declare the result properly without crashing the site. {@Dr Ramesh Pokhriyal Nishank@} {@Higher Education Department MP@} #ExamsInCovidASuicide #SayNoToUGCGuidlines {@Kamal Nath@} ",ExamsInCovidASuicide SayNoToUGCGuidlines
#AppointTeachersOn1stJulyInMP Don t be only men of words because action speaks louder than the words.Set a milestone and sublime example for the other governments and impart us the joining in july for joining delayed is joining denied. {@School Education Department MP@} {@Indersinghsjp@} {@Shivraj Singh Chouhan@},AppointTeachersOn1stJulyInMP
Happy #WorldSpaceWeek {@NASA@} {@Blue Origin@} {@ULA@} {@SpaceX@} {@Elon Musk@} {@Rocket Lab@} and all the other organizations that bring us that much closer to the stars and launch satellites for the betterment of all humans!,WorldSpaceWeek
Biggest shoutout to my incredibly amazing life educator and what I truly know and believe to be the greatest to do it at her profession {{USERNAME}} . You are such a dope human being hey ✨❤️.  Aren t we just so blessed to have you in our lives yoh .  #teachersday #teachersmatter,teachersday teachersmatter
"“we know that images have the power to subconsciously trigger or lock in a narrative in a fraction of a second, long before the more rational parts of our brain have a chance to interpret text”   {{USERNAME}} {{USERNAME}} #NarrativesForPeace {{URL}} ",NarrativesForPeace
