text,tags
"#Replay #Cyclisme #LesRP
Vuelta a Guatemala 2024 

1ère victoire en 3 ans pour Byron GuamáBES qui s'impose au sprint devant ses 2 rivaux !!
David Alejandro Gonzalez MED reste leader du CG !

Byron Guamá BES
Daniel Andres Bonilla CBK
Eli Alejandro Sisimith RHG",Replay Cyclisme LesRP
"Let's see what the 
@dallascowboys
 can do tonight.
☆☆☆
#CowboysNation",CowboysNation
"The Sixers earned every bit of their first win of the season, coming out on top in an OT thriller over the Indiana Pacers.


@CiavoNBA
 | 
@MetroPhilly
 | #Madeforthis",Madeforthis
"McLaurin: ""It felt like it was going in slow motion""

Cosmi:  ""What a moment, what a story, what a night... it felt like a movie""

Terry McLaurin and Sam Cosmi on the Jayden Daniels-Noah Brown Hail Mary winning TD


@JPFinlayNBCS
 

@nbcwashington
 

@Gio_Delfa
 

#RaiseHail",RaiseHail
"Shane Waldron lost us this game. The fumble on the one, because of having a lineman try to run it in is inexcusable. That should have been a touchdown. And if the game progressed as it did, the Bears woulda been up by two TDs. Absolute horrible play calling by him. #Bears",Bears
"Gotta represent for #NationalTightEndsDay and 
@gkittle46
!!

#NFL #SUNDAYNIGHTFOOTBALL #sportcoin",NationalTightEndsDay NFL SUNDAYNIGHTFOOTBALL sportcoin
"WAJ #Texans Style 
#HTownMade   
Love The Way We Hunt 
Team First 
#TrustWithAPlus",Texans HTownMade TrustWithAPlus
#nfl #SportsGambling #SportsBettingX,nfl SportsGambling SportsBettingX
"#49ersvscowboys #cowboysvs49eers #nflgameslive
 San Francisco 49ers vs Dallas Cowboys NFL Game Live Stream  https://youtube.com/live/AtK-JR9WQqc?si=vHvub4Dq2xuaZ6R1… via 
@YouTube",49ersvscowboys cowboysvs49eers nflgameslive
"¡Final del primer tiempo! 


@DvoLaGuaira
 1-1 #MonagasSC

 30' - Tomás Rodríguez
 42' - Edder Farías

#OrgulloAzulgrana 
#LigaFUTVEBancodeVenezuela ",MonagasSC OrgulloAzulgrana LigaFUTVEBancodeVenezuela
